From,To,Sent At,Message,Direction
"Gerson Luiz Heinen, MBA, ITIL",Rafael Andrade de Oliveira,"1/18/18, 3:39 AM",,INCOMING
Gisele Oliveira (PCD),Rafael Andrade de Oliveira,"1/17/18, 5:23 PM",,INCOMING
Fagner Silva Chaves,Rafael Andrade de Oliveira,"1/15/18, 11:38 AM",,INCOMING
Spich Marcelo,Rafael Andrade de Oliveira,"1/12/18, 4:44 PM",,INCOMING
Jane Macedo,Rafael Andrade de Oliveira,"1/12/18, 7:36 AM",,INCOMING
Gabriel Görgen Möller,Rafael Andrade de Oliveira,"1/12/18, 3:48 AM",,INCOMING
Daniel Mafra,Rafael Andrade de Oliveira,"1/10/18, 7:14 AM",,INCOMING
Jose Correia,Rafael Andrade de Oliveira,"1/7/18, 2:55 PM",,INCOMING
Shaullin Rodrigues,Rafael Andrade de Oliveira,"1/7/18, 1:57 PM",,INCOMING
Alfredo Barcellos,Rafael Andrade de Oliveira,"1/6/18, 1:33 PM",,INCOMING
Filipe Alves dos Santos,Rafael Andrade de Oliveira,"1/4/18, 7:28 AM","Bom dia, estou em busca de aumentar a minha rede na área de games e ilustração.  

O meu portfólio é: https://filipealves.artstation.com/

Obrigado.",INCOMING
Franco Henrique Carvalho Pereira,Rafael Andrade de Oliveira,"1/3/18, 1:54 AM",,INCOMING
Elias Souza de Araújo,Rafael Andrade de Oliveira,"12/24/17, 3:17 PM",,INCOMING
Felipe Farias,Rafael Andrade de Oliveira,"12/20/17, 7:56 PM",,INCOMING
Romário da Silva,Rafael Andrade de Oliveira,"12/20/17, 8:24 AM",,INCOMING
Eduardo Salazar,Rafael Andrade de Oliveira,"12/15/17, 8:51 AM",,INCOMING
Victor Nogueira,Rafael Andrade de Oliveira,"12/10/17, 2:19 PM",,INCOMING
Juliano Landim Bandeira,Rafael Andrade de Oliveira,"12/8/17, 3:53 PM",,INCOMING
Bruno Galindo,Rafael Andrade de Oliveira,"12/7/17, 10:34 AM",,INCOMING
Milena Scholten Hillig,Rafael Andrade de Oliveira,"12/4/17, 12:08 PM",,INCOMING
Daiani Souza,Rafael Andrade de Oliveira,"11/28/17, 10:06 AM","estamos com oportunidades de Java para DBC Company, você possui interesse em conhecer melhor a oportunidade?",INCOMING
Jonas Moreira,Rafael Andrade de Oliveira,"11/8/17, 2:36 AM",,INCOMING
Sergio Filipe da Silva,Rafael Andrade de Oliveira,"10/30/17, 11:49 AM",,INCOMING
Fernando Rojas Braga,Rafael Andrade de Oliveira,"10/26/17, 2:07 PM",,INCOMING
Talis Tafernaberri Foesten,Rafael Andrade de Oliveira,"10/23/17, 6:30 PM",,INCOMING
Nicolas Idzik,Rafael Andrade de Oliveira,"10/23/17, 10:32 AM",,INCOMING
Lisandra Quadros,Rafael Andrade de Oliveira,"10/18/17, 1:06 PM",,INCOMING
Jose Augusto Albino,Rafael Andrade de Oliveira,"10/11/17, 8:59 AM",,INCOMING
Lucas de Carvalho Geiss,Rafael Andrade de Oliveira,"10/10/17, 6:41 PM",,INCOMING
Mayra Rodrigues De Souza,Rafael Andrade de Oliveira,"10/6/17, 6:57 PM",,INCOMING
Francine Ladeira,Rafael Andrade de Oliveira,"10/5/17, 10:45 AM",,INCOMING
Rafael Gehring,Rafael Andrade de Oliveira,"10/3/17, 9:38 AM",,INCOMING
Pannuvia Monteiro,Rafael Andrade de Oliveira,"10/1/17, 8:16 PM",,INCOMING
July Demenjon de Souza,Rafael Andrade de Oliveira,"9/30/17, 8:49 AM",,INCOMING
Antônio Venâncio Jr.,Rafael Andrade de Oliveira,"9/29/17, 11:24 AM",,INCOMING
Martin Donald Lawson Foster,Rafael Andrade de Oliveira,"9/27/17, 4:22 PM",,INCOMING
Diego Pacheco,Rafael Andrade de Oliveira,"9/26/17, 7:58 PM",,INCOMING
"Filipo Mór, MSc ∴",Rafael Andrade de Oliveira,"9/26/17, 4:45 AM",,INCOMING
Elisa Martel,Rafael Andrade de Oliveira,"9/23/17, 11:53 AM",,INCOMING
"Thiago Garcia, PMP, PSM I, ITILF®",Rafael Andrade de Oliveira,"9/21/17, 2:07 AM",,INCOMING
Henrique Sangalli Corrêa,Rafael Andrade de Oliveira,"9/18/17, 1:58 PM",,INCOMING
Diógenes Alves de Souza,Rafael Andrade de Oliveira,"9/17/17, 6:35 PM",,INCOMING
Matheus Varella de Oliveira,Rafael Andrade de Oliveira,"9/15/17, 8:38 PM",,INCOMING
Iuri Vargas,Rafael Andrade de Oliveira,"9/15/17, 4:01 PM",,INCOMING
"Syam, P",Rafael Andrade de Oliveira,"9/14/17, 9:50 AM",,INCOMING
"Marlon Santos da Veiga, MBA, PMP®, CSM®",Rafael Andrade de Oliveira,"9/12/17, 10:33 AM",,INCOMING
Eder Oliveira,Rafael Andrade de Oliveira,"9/12/17, 6:08 AM",,INCOMING
Marcelo Augusto,Rafael Andrade de Oliveira,"9/10/17, 8:27 AM",,INCOMING
Renan Leitão,Rafael Andrade de Oliveira,"9/7/17, 9:52 AM",,INCOMING
Paulo Barreto Araujo,Rafael Andrade de Oliveira,"9/5/17, 9:33 AM",,INCOMING
Rogerio de Lavra Pinto,Rafael Andrade de Oliveira,"9/3/17, 1:08 PM",,INCOMING
"Endrigo Silva, MBA, CSM",Rafael Andrade de Oliveira,"8/30/17, 9:51 AM",,INCOMING
Luciano de Souza Trindade,Rafael Andrade de Oliveira,"8/25/17, 5:10 AM",,INCOMING
Marcos Vieira,Rafael Andrade de Oliveira,"8/21/17, 8:40 AM",,INCOMING
Graciele D' Avila,Rafael Andrade de Oliveira,"8/18/17, 8:35 PM",,INCOMING
Leonardo Medeiros de Mello,Rafael Andrade de Oliveira,"8/18/17, 9:09 AM",,INCOMING
Valéria Domingos,Rafael Andrade de Oliveira,"8/16/17, 8:05 PM",,INCOMING
"Fabiano Dias, CBPP®",Rafael Andrade de Oliveira,"8/15/17, 7:49 PM",,INCOMING
Juliet Bombassaro,Rafael Andrade de Oliveira,"8/15/17, 12:53 PM",,INCOMING
Jeannie Veleda,Rafael Andrade de Oliveira,"8/15/17, 6:10 AM",,INCOMING
Gianmateu Schommer,Rafael Andrade de Oliveira,"8/14/17, 7:32 PM",,INCOMING
Gabrielle Viegas Foletto,Rafael Andrade de Oliveira,"8/14/17, 7:23 AM",,INCOMING
André da Silva Davi,Rafael Andrade de Oliveira,"8/11/17, 12:18 PM",,INCOMING
Amarildo de Matos Matos,Rafael Andrade de Oliveira,"8/11/17, 1:53 AM",,INCOMING
Elaine Sarmento Kohanoski,Rafael Andrade de Oliveira,"8/10/17, 6:21 PM",,INCOMING
Isis Natália Aguirre,Rafael Andrade de Oliveira,"8/10/17, 1:24 PM","Olá, Estamos com uma oportunidade para atuar como Líder Técnico em uma empresa que atua no ramo de marketing com presença internacional. Buscamos um líder técnico Full Stack. Com alguns conhecimentos específicos e inglês fluente. Você teria interesse em saber mais?
Agradeço desde já,
Isis Natalia
",INCOMING
Nadson Luiz Engelmann,Rafael Andrade de Oliveira,"8/8/17, 3:15 PM",,INCOMING
Daniel Morais,Rafael Andrade de Oliveira,"8/7/17, 5:14 PM",,INCOMING
"Sandro Caldeira Javiel, CSM",Rafael Andrade de Oliveira,"8/7/17, 7:17 AM",,INCOMING
Eduardo Longo,Rafael Andrade de Oliveira,"8/7/17, 6:14 AM",,INCOMING
Zurba Fagundes,Rafael Andrade de Oliveira,"7/30/17, 5:08 PM",,INCOMING
Rossana Louzada Santos,Rafael Andrade de Oliveira,"7/29/17, 3:23 PM",,INCOMING
Camila Borba da Rosa Gediel,Rafael Andrade de Oliveira,"7/27/17, 5:06 PM",,INCOMING
Rafael Andrade de Oliveira,Carolina Paz,"1/17/18, 5:33 PM",,OUTGOING
Rafael Andrade de Oliveira,Rodrigo Lima,"1/17/18, 5:28 PM",,OUTGOING
Rafael Andrade de Oliveira,Bruno Pagno,"1/15/18, 11:45 AM",,OUTGOING
Rafael Andrade de Oliveira,Luiz Eduardo Prestes Teixeira,"11/3/17, 12:16 PM",,OUTGOING
Rafael Andrade de Oliveira,Luciana Freitas Menezes,"11/22/17, 12:54 PM",,OUTGOING
Rafael Andrade de Oliveira,Luis Fernando Schröer,"1/8/18, 7:19 AM",,OUTGOING
Rafael Andrade de Oliveira,Yulan Cardoso,"1/8/18, 7:18 AM",,OUTGOING
Rafael Andrade de Oliveira,Ivanice Polesso Machado,"1/8/18, 7:36 AM",,OUTGOING
Rafael Andrade de Oliveira,Frank Jorge,"1/8/18, 7:19 AM",,OUTGOING
Rafael Andrade de Oliveira,Carolina Barboza,"1/8/18, 7:18 AM",,OUTGOING
Rafael Andrade de Oliveira,KAMILA KÖNIG,"1/8/18, 7:17 AM",,OUTGOING
Rafael Andrade de Oliveira,Bruna Piumato,"1/8/18, 7:17 AM",,OUTGOING
Rafael Andrade de Oliveira,Renata Souza,"1/8/18, 7:17 AM",,OUTGOING
Rafael Andrade de Oliveira,Atila Vasconcelos,"1/8/18, 7:16 AM",,OUTGOING
Rafael Andrade de Oliveira,Cristian Pietro,"1/8/18, 7:16 AM",,OUTGOING
Rafael Andrade de Oliveira,Cristiane Schenato,"1/8/18, 7:16 AM",,OUTGOING
Rafael Andrade de Oliveira,Bianca Benvenuti,"1/8/18, 7:16 AM",,OUTGOING
Rafael Andrade de Oliveira,Daniel Mesquita,"1/8/18, 7:16 AM",,OUTGOING
Rafael Andrade de Oliveira,Jaqueline Dornfeld de Dorneles,"1/8/18, 7:16 AM",,OUTGOING
Rafael Andrade de Oliveira,Letícia Kalata,"1/8/18, 7:16 AM",,OUTGOING
Rafael Andrade de Oliveira,Josy Correia,"1/8/18, 7:16 AM",,OUTGOING
Rafael Andrade de Oliveira,Guilherme Ouriques Martins,"1/8/18, 7:16 AM",,OUTGOING
Rafael Andrade de Oliveira,Jeziel Vinicius Koehler Saraiva,"1/8/18, 7:16 AM",,OUTGOING
Rafael Andrade de Oliveira,Leonardo Nowaczyk,"1/8/18, 7:16 AM",,OUTGOING
Rafael Andrade de Oliveira,Cíntia de Souza,"1/4/18, 10:30 AM",,OUTGOING
Rafael Andrade de Oliveira,Fernando Trentin,"1/4/18, 10:30 AM",,OUTGOING
Rafael Andrade de Oliveira,Gustavo Dias,"1/4/18, 10:29 AM",,OUTGOING
Rafael Andrade de Oliveira,Márcio V M Freitas,"1/4/18, 8:00 AM",,OUTGOING
Rafael Andrade de Oliveira,Carlos Henrique,"1/4/18, 8:00 AM",,OUTGOING
Rafael Andrade de Oliveira,Leonardo Paz,"11/4/17, 4:19 AM",,OUTGOING
Rafael Andrade de Oliveira,JOSE RODRIGO FURTADO,"12/24/17, 4:41 AM",,OUTGOING
Rafael Andrade de Oliveira,Guilherme Brenner,"12/24/17, 4:41 AM",,OUTGOING
Rafael Andrade de Oliveira,Ana Dias,"12/18/17, 6:02 AM",,OUTGOING
Rafael Andrade de Oliveira,Mariele Klering,"12/18/17, 6:02 AM",,OUTGOING
Rafael Andrade de Oliveira,Cleobulo Sales Neto,"12/18/17, 6:01 AM",,OUTGOING
Rafael Andrade de Oliveira,Walisson Costa,"11/23/17, 4:07 AM",,OUTGOING
Rafael Andrade de Oliveira,Layla Iud,"11/21/17, 5:17 AM",,OUTGOING
Rafael Andrade de Oliveira,Laurício Görgen,"9/23/17, 8:44 AM",,OUTGOING
Rafael Andrade de Oliveira,Nilo Araújo Santos,"10/27/17, 2:53 AM",,OUTGOING
Rafael Andrade de Oliveira,Henrique Güttler Morbin,"7/20/17, 4:45 PM",,OUTGOING
Rafael Andrade de Oliveira,Arthur Bobany,"11/23/17, 4:06 AM",,OUTGOING
Rafael Andrade de Oliveira,Marcelo Rezende,"11/22/17, 12:54 PM",,OUTGOING
Rafael Andrade de Oliveira,Diana Melo,"10/23/17, 7:06 PM",,OUTGOING
Rafael Andrade de Oliveira,Sarah Pimentel Abrantes,"10/27/17, 4:31 AM",,OUTGOING
Rafael Andrade de Oliveira,Douglas Soares Silva,"11/21/17, 5:16 AM",,OUTGOING
Rafael Andrade de Oliveira,Daniel Becker,"11/21/17, 5:17 AM",,OUTGOING
Rafael Andrade de Oliveira,Aline Macedo,"8/5/17, 4:56 AM",,OUTGOING
Rafael Andrade de Oliveira,Sandro Manfredini,"11/23/17, 4:07 AM",,OUTGOING
Rafael Andrade de Oliveira,Jesús Fabre,"11/23/17, 4:07 AM",,OUTGOING
Rafael Andrade de Oliveira,Priscila Pedrozo,"7/20/17, 4:46 PM",,OUTGOING
Rafael Andrade de Oliveira,Rafael Kovaleski,"11/23/17, 4:07 AM",,OUTGOING
Rafael Andrade de Oliveira,Bruna Richter,"11/3/17, 12:17 PM",,OUTGOING
Rafael Andrade de Oliveira,Marshal Lauzer,"11/22/17, 12:54 PM",,OUTGOING
Rafael Andrade de Oliveira,Adreson Vilson Vita Sá,"10/23/17, 7:00 PM",,OUTGOING
Rafael Andrade de Oliveira,Andre Luiz Eifler Flores,"11/4/17, 4:04 AM",,OUTGOING
Rafael Andrade de Oliveira,Alexandre Malheiros,"9/13/17, 11:59 AM",,OUTGOING
Rafael Andrade de Oliveira,Katia Gehrke,"10/27/17, 4:00 AM",,OUTGOING
Rafael Andrade de Oliveira,Gabriel Notari,"9/22/17, 3:03 PM",,OUTGOING
Rafael Andrade de Oliveira,Carolina Guedes,"11/14/17, 5:26 AM",,OUTGOING
Rafael Andrade de Oliveira,André Güths,"7/31/17, 5:59 PM",,OUTGOING
Rafael Andrade de Oliveira,Luciano Santos,"9/23/17, 8:45 AM",,OUTGOING
Rafael Andrade de Oliveira,Ariane Anselmo,"11/12/17, 3:39 PM",,OUTGOING
Rafael Andrade de Oliveira,Luiza Flores,"11/12/17, 3:39 PM",,OUTGOING
Rafael Andrade de Oliveira,Luana Dias de Oliveira,"10/26/17, 6:46 PM",,OUTGOING
Rafael Andrade de Oliveira,Cassia Moitinho,"10/26/17, 7:35 PM",,OUTGOING
Rafael Andrade de Oliveira,Camila Reinehr,"10/24/17, 5:01 PM",,OUTGOING
Rafael Andrade de Oliveira,Ana Luiza Oliveira,"11/3/17, 11:55 AM",,OUTGOING
Rafael Andrade de Oliveira,Giovana Urrutia Pereira,"11/4/17, 3:56 AM",,OUTGOING
Rafael Andrade de Oliveira,Thaynan Mariano,"11/7/17, 5:06 AM",,OUTGOING
Rafael Andrade de Oliveira,César Souza,"11/3/17, 12:17 PM",,OUTGOING
Rafael Andrade de Oliveira,Vinicius Torriani Alves,"10/26/17, 7:01 PM",,OUTGOING
Rafael Andrade de Oliveira,Ruan L. Nunes,"11/4/17, 3:57 AM",,OUTGOING
Rafael Andrade de Oliveira,Arthur Würth,"11/4/17, 4:03 AM",,OUTGOING
Rafael Andrade de Oliveira,Guilherme Wahlbrink,"11/4/17, 4:04 AM",,OUTGOING
Rafael Andrade de Oliveira,Ana Carolina Costa,"11/4/17, 4:09 AM",,OUTGOING
Rafael Andrade de Oliveira,Alexandre Von Mühlen,"11/4/17, 4:04 AM",,OUTGOING
Rafael Andrade de Oliveira,Camile Matos,"11/4/17, 4:34 AM",,OUTGOING
Rafael Andrade de Oliveira,Junior Amaral,"11/4/17, 4:20 AM",,OUTGOING
Rafael Andrade de Oliveira,Bruno Cicanci,"11/4/17, 3:55 AM",,OUTGOING
Rafael Andrade de Oliveira,Roger Pires Muller,"11/4/17, 4:10 AM",,OUTGOING
Rafael Andrade de Oliveira,Fernando Machado,"11/4/17, 4:03 AM",,OUTGOING
Rafael Andrade de Oliveira,Rafael Gomes,"11/3/17, 4:59 PM",,OUTGOING
Rafael Andrade de Oliveira,Josiane Giannechini,"11/3/17, 11:55 AM",,OUTGOING
Rafael Andrade de Oliveira,Bruno Ferreira,"11/3/17, 11:55 AM",,OUTGOING
Rafael Andrade de Oliveira,Marcele Machado,"10/27/17, 4:17 AM",,OUTGOING
Rafael Andrade de Oliveira,Cristiano Trizolini,"10/24/17, 4:59 PM",,OUTGOING
Rafael Andrade de Oliveira,Márcio Silveira,"10/26/17, 7:04 PM",,OUTGOING
Rafael Andrade de Oliveira,Kevin Arndt da Trindade,"10/26/17, 6:49 PM",,OUTGOING
Rafael Andrade de Oliveira,Moises Brandalise,"10/26/17, 7:02 PM",,OUTGOING
Rafael Andrade de Oliveira,Clarissa  Miranda Rosito,"10/27/17, 4:14 PM",,OUTGOING
Rafael Andrade de Oliveira,Gabriela Rocha,"10/27/17, 4:17 PM",,OUTGOING
Rafael Andrade de Oliveira,Diógenes Cericatto,"10/27/17, 4:17 PM",,OUTGOING
Rafael Andrade de Oliveira,acionista com br,"10/27/17, 4:15 PM",,OUTGOING
Rafael Andrade de Oliveira,Paulo Monteiro,"10/28/17, 6:27 PM",,OUTGOING
Rafael Andrade de Oliveira,Salim R Mansur,"10/24/17, 5:00 PM",,OUTGOING
Rafael Andrade de Oliveira,Nader Abdel Jabbar,"10/28/17, 6:32 PM",,OUTGOING
Rafael Andrade de Oliveira,Naiara Wolmer,"10/28/17, 6:27 PM",,OUTGOING
Rafael Andrade de Oliveira,Rafael Rodrigues,"10/27/17, 4:17 AM",,OUTGOING
Rafael Andrade de Oliveira,Gustavo Jeronimo,"10/26/17, 7:06 PM",,OUTGOING
Rafael Andrade de Oliveira,Emanuela Hübner,"10/27/17, 11:20 AM",,OUTGOING
Rafael Andrade de Oliveira,Caroline Portal,"10/26/17, 7:15 PM",,OUTGOING
Rafael Andrade de Oliveira,Tiago Oswald,"10/26/17, 7:01 PM",,OUTGOING
Rafael Andrade de Oliveira,Fabiana Fagundes,"10/27/17, 4:12 PM",,OUTGOING
Rafael Andrade de Oliveira,Luiz Eduardo Cecatto,"10/24/17, 5:03 PM",,OUTGOING
Rafael Andrade de Oliveira,Isadora Oliveira,"10/27/17, 3:02 AM",,OUTGOING
Rafael Andrade de Oliveira,Juliano Silveira,"10/24/17, 5:03 PM",,OUTGOING
Rafael Andrade de Oliveira,Aneliz Silva - PCD,"10/27/17, 11:20 AM",,OUTGOING
Rafael Andrade de Oliveira,Caroline Langer Penteado,"10/27/17, 11:21 AM",,OUTGOING
Rafael Andrade de Oliveira,Andréia Zambon Braga,"10/26/17, 6:45 PM",,OUTGOING
Rafael Andrade de Oliveira,Eduardo Mato Amorin,"10/26/17, 7:29 PM",,OUTGOING
Rafael Andrade de Oliveira,Rodrigo Prado,"10/27/17, 2:57 AM",,OUTGOING
Rafael Andrade de Oliveira,Jéssica Araújo,"10/26/17, 6:46 PM",,OUTGOING
Rafael Andrade de Oliveira,Kim Aragon Escobar,"10/27/17, 4:39 AM",,OUTGOING
Rafael Andrade de Oliveira,Cassio A P Masiero,"10/27/17, 4:20 AM",,OUTGOING
Rafael Andrade de Oliveira,Flora Branchi,"10/27/17, 4:12 AM",,OUTGOING
Rafael Andrade de Oliveira,Pedro Jatobá,"10/27/17, 4:05 AM",,OUTGOING
Rafael Andrade de Oliveira,Raphael Matos,"10/26/17, 7:08 PM",,OUTGOING
Rafael Andrade de Oliveira,Felipe Dal Molin,"10/27/17, 3:59 AM",,OUTGOING
Rafael Andrade de Oliveira,Giuliani Silva de Carvalho,"10/26/17, 7:10 PM",,OUTGOING
Rafael Andrade de Oliveira,Thomaz Pivetta,"10/26/17, 7:01 PM",,OUTGOING
Rafael Andrade de Oliveira,Paola Dorneles,"10/26/17, 7:23 PM",,OUTGOING
Rafael Andrade de Oliveira,Carlos Valvassori,"10/26/17, 7:01 PM",,OUTGOING
Rafael Andrade de Oliveira,Claiton Bini Junior,"10/26/17, 7:02 PM",,OUTGOING
Rafael Andrade de Oliveira,"Kalinka Krenzinger, PR2F","10/26/17, 7:08 PM",,OUTGOING
Rafael Andrade de Oliveira,Camila Oliveira,"10/26/17, 7:08 PM",,OUTGOING
Rafael Andrade de Oliveira,Jonas Dorneles,"10/26/17, 7:16 PM",,OUTGOING
Rafael Andrade de Oliveira,Alan Queiroz,"10/26/17, 7:05 PM",,OUTGOING
Rafael Andrade de Oliveira,Gabriela Prado dos Passos,"10/26/17, 7:10 PM",,OUTGOING
Rafael Andrade de Oliveira,⭕ Jeanine Vieira,"10/26/17, 6:56 PM",,OUTGOING
Rafael Andrade de Oliveira,Pedro Henrique Poli Romero,"10/26/17, 7:02 PM",,OUTGOING
Rafael Andrade de Oliveira,Rodrigo Hammer,"10/26/17, 7:00 PM",,OUTGOING
Rafael Andrade de Oliveira,Liliane Lima,"10/26/17, 6:52 PM",,OUTGOING
Rafael Andrade de Oliveira,Daniel Dacorso,"10/26/17, 6:51 PM",,OUTGOING
Rafael Andrade de Oliveira,Rafael Rodrigues,"10/26/17, 6:45 PM",,OUTGOING
Rafael Andrade de Oliveira,Gabriela Dutra,"10/8/17, 4:34 PM",,OUTGOING
Rafael Andrade de Oliveira,Júlio Corrêa,"10/25/17, 8:12 PM",,OUTGOING
Rafael Andrade de Oliveira,Laykor Gross,"10/25/17, 8:12 PM",,OUTGOING
Rafael Andrade de Oliveira,André Massafra Almeida,"10/24/17, 4:59 PM",,OUTGOING
Rafael Andrade de Oliveira,ABEL BITENCOURT PEREIRA,"10/24/17, 5:00 PM",,OUTGOING
Rafael Andrade de Oliveira,Clarissa Candotti,"10/24/17, 5:01 PM",,OUTGOING
Rafael Andrade de Oliveira,Rui Matsuda,"10/24/17, 5:00 PM",,OUTGOING
Rafael Andrade de Oliveira,JOACIR ALVES DE SIQUEIRA,"10/24/17, 4:59 PM",,OUTGOING
Rafael Andrade de Oliveira,LUIZ ALEXANDRE PEREIRA DA SILVA,"10/24/17, 4:58 PM",,OUTGOING
Rafael Andrade de Oliveira,Mary Reales,"10/24/17, 4:58 PM",,OUTGOING
Rafael Andrade de Oliveira,D1 Fitness Store,"10/23/17, 7:01 PM",,OUTGOING
Rafael Andrade de Oliveira,Chamile Wiest,"10/23/17, 7:01 PM",,OUTGOING
Rafael Andrade de Oliveira,Camila Vicente,"10/23/17, 7:01 PM",,OUTGOING
Rafael Andrade de Oliveira,Artenossa Persianas,"10/23/17, 7:01 PM",,OUTGOING
Rafael Andrade de Oliveira,Alberto Fujita,"10/23/17, 7:01 PM",,OUTGOING
Rafael Andrade de Oliveira,Cláudio Spritzer,"9/23/17, 8:43 AM",,OUTGOING
Rafael Andrade de Oliveira,Vitor Fallavena,"9/24/17, 6:03 PM",,OUTGOING
Rafael Andrade de Oliveira,William Guimarães,"7/31/17, 6:41 AM",,OUTGOING
Rafael Andrade de Oliveira,"Emilia Sumie Adachi, MSc, PMP","9/27/17, 7:24 PM",,OUTGOING
Rafael Andrade de Oliveira,Adriana Bitencourt,"8/15/17, 6:17 AM",,OUTGOING
Rafael Andrade de Oliveira,Leandro Tonetto,"9/23/17, 8:49 AM",,OUTGOING
Rafael Andrade de Oliveira,Janaína Klunck,"9/26/17, 8:09 PM",,OUTGOING
Rafael Andrade de Oliveira,Patrícia de Moura Chermont,"10/7/17, 8:52 PM",,OUTGOING
Rafael Andrade de Oliveira,Martha Siqueira,"10/7/17, 8:55 PM",,OUTGOING
Rafael Andrade de Oliveira,Lucas Falk Beier,"10/7/17, 8:56 PM",,OUTGOING
Rafael Andrade de Oliveira,Marta Saft Valli,"10/7/17, 8:55 PM",,OUTGOING
Rafael Andrade de Oliveira,Huberto Júnior ,"10/7/17, 5:46 AM",,OUTGOING
Rafael Andrade de Oliveira,Priscilla Costa,"9/29/17, 12:18 PM",,OUTGOING
Rafael Andrade de Oliveira,Ananda Lein Vieira,"9/29/17, 9:37 AM",,OUTGOING
Rafael Andrade de Oliveira,João Doria,"10/6/17, 7:02 PM",,OUTGOING
Rafael Andrade de Oliveira,Vinicius Duranti Soares,"9/30/17, 6:28 AM",,OUTGOING
Rafael Andrade de Oliveira,Luciana Fabisiak,"9/23/17, 8:45 AM",,OUTGOING
Rafael Andrade de Oliveira,Tatiane Corrêa,"10/4/17, 11:58 AM",,OUTGOING
Rafael Andrade de Oliveira,Verônica Mendes,"9/29/17, 12:09 PM",,OUTGOING
Rafael Andrade de Oliveira,Tiago Silveira,"9/27/17, 3:46 PM",,OUTGOING
Rafael Andrade de Oliveira,Daniela de Oliveira da Silva,"9/29/17, 9:37 AM",,OUTGOING
Rafael Andrade de Oliveira,André Damasceno,"9/23/17, 12:31 PM",,OUTGOING
Rafael Andrade de Oliveira,Felipe Bortolini,"9/29/17, 12:07 PM",,OUTGOING
Rafael Andrade de Oliveira,Daniel Trindade,"9/29/17, 12:05 PM",,OUTGOING
Rafael Andrade de Oliveira,Karla Kristina da Silva II,"9/29/17, 12:09 PM",,OUTGOING
Rafael Andrade de Oliveira,Cristiano Altmann,"9/29/17, 12:20 PM",,OUTGOING
Rafael Andrade de Oliveira,Ricardo Cunha,"9/29/17, 12:21 PM",,OUTGOING
Rafael Andrade de Oliveira,"Taner Morôni C. Gonçalves, MBA","9/29/17, 12:14 PM",,OUTGOING
Rafael Andrade de Oliveira,Nubia Becker,"9/29/17, 12:10 PM",,OUTGOING
Rafael Andrade de Oliveira,Vinicius Hoeppers,"9/29/17, 12:08 PM",,OUTGOING
Rafael Andrade de Oliveira,Bruno Morelli Vargas,"9/29/17, 9:37 AM",,OUTGOING
Rafael Andrade de Oliveira,Giuliano Ribeiro,"9/22/17, 3:39 PM",,OUTGOING
Rafael Andrade de Oliveira,Sergio Mylius da Silva,"8/24/17, 5:45 AM",,OUTGOING
Rafael Andrade de Oliveira,Tatiana Kubotani,"8/29/17, 1:48 PM",,OUTGOING
Rafael Andrade de Oliveira,Renata Bauerle,"9/27/17, 7:21 PM",,OUTGOING
Rafael Andrade de Oliveira,Rogerio Figurelli,"9/27/17, 7:24 PM",,OUTGOING
Rafael Andrade de Oliveira,Leandro Carpes,"9/23/17, 9:04 AM",,OUTGOING
Rafael Andrade de Oliveira,Caroline Capitani,"9/22/17, 3:36 PM",,OUTGOING
Rafael Andrade de Oliveira,SOUTHSYSTEM TI,"9/26/17, 8:07 PM",,OUTGOING
Rafael Andrade de Oliveira,Tailane Nunes,"9/22/17, 3:37 PM",,OUTGOING
Rafael Andrade de Oliveira,Cátia Silva,"9/13/17, 10:57 AM",,OUTGOING
Rafael Andrade de Oliveira,Patrícia Durand,"9/22/17, 3:37 PM",,OUTGOING
Rafael Andrade de Oliveira,Jonas Kaffka,"9/26/17, 8:07 PM",,OUTGOING
Rafael Andrade de Oliveira,Daniel De Boni,"9/26/17, 8:06 PM",,OUTGOING
Rafael Andrade de Oliveira,Diego Pacheco,"7/26/17, 12:27 PM",,OUTGOING
Rafael Andrade de Oliveira,Matheus Trevisan,"9/23/17, 12:30 PM",,OUTGOING
Rafael Andrade de Oliveira,Alexandre Pregnaca Viana,"9/23/17, 9:02 AM",,OUTGOING
Rafael Andrade de Oliveira,Anderson do Carmo,"9/22/17, 3:35 PM",,OUTGOING
Rafael Andrade de Oliveira,DIEGO GUALTIERI,"9/23/17, 8:43 AM",,OUTGOING
Rafael Andrade de Oliveira,Fábio Souza,"9/23/17, 9:04 AM",,OUTGOING
Rafael Andrade de Oliveira,Silvia Bertagnolli,"9/23/17, 8:46 AM",,OUTGOING
Rafael Andrade de Oliveira,"Rafael Calovi, PMP","9/23/17, 8:46 AM",,OUTGOING
Rafael Andrade de Oliveira,Mauricio Correa,"9/23/17, 8:45 AM",,OUTGOING
Rafael Andrade de Oliveira,Maja Kračun,"9/23/17, 8:45 AM",,OUTGOING
Rafael Andrade de Oliveira,Luis Felipe Feldens,"9/23/17, 8:45 AM",,OUTGOING
Rafael Andrade de Oliveira,Leo Caobelli,"9/23/17, 8:44 AM",,OUTGOING
Rafael Andrade de Oliveira,Gabriel Pastoriza,"9/23/17, 8:44 AM",,OUTGOING
Rafael Andrade de Oliveira,Everton Pelissari,"9/23/17, 8:43 AM",,OUTGOING
Rafael Andrade de Oliveira,Daniel Olsson,"9/23/17, 8:43 AM",,OUTGOING
Rafael Andrade de Oliveira,Bárbara Thiele Rodrigues,"9/22/17, 3:36 PM",,OUTGOING
Rafael Andrade de Oliveira,Amanda Schmidt,"9/22/17, 3:35 PM",,OUTGOING
Rafael Andrade de Oliveira,Clark Cunha,"8/19/17, 8:50 AM",,OUTGOING
Rafael Andrade de Oliveira,Cristiane Nascimento,"9/18/17, 5:33 AM",,OUTGOING
Rafael Andrade de Oliveira,Daniel Damo Lamaison,"8/19/17, 8:49 AM",,OUTGOING
Rafael Andrade de Oliveira,Pedro Camargo Ferri,"9/15/17, 4:10 PM",,OUTGOING
Rafael Andrade de Oliveira,Jéssica Teixeira,"9/15/17, 4:08 PM",,OUTGOING
Rafael Andrade de Oliveira,Matheus Oleiro,"9/7/17, 9:05 AM",,OUTGOING
Rafael Andrade de Oliveira,Roger Henrique Reichert,"9/15/17, 4:08 PM",,OUTGOING
Rafael Andrade de Oliveira,Chriz Tolentino,"9/15/17, 4:55 AM",,OUTGOING
Rafael Andrade de Oliveira,Bruna De Angeli Neves,"8/24/17, 5:45 AM",,OUTGOING
Rafael Andrade de Oliveira,Bruno Mantovani,"9/13/17, 11:59 AM",,OUTGOING
Rafael Andrade de Oliveira,Bibiana Travassos,"7/26/17, 12:26 PM",,OUTGOING
Rafael Andrade de Oliveira,"Antonio ""Toni"" Barros","9/13/17, 10:57 AM",,OUTGOING
Rafael Andrade de Oliveira,Juliana Piazentin,"9/12/17, 7:06 PM",,OUTGOING
Rafael Andrade de Oliveira,Joner Stein,"9/7/17, 9:05 AM",,OUTGOING
Rafael Andrade de Oliveira,Elisa Leo de Oliveira,"7/26/17, 12:25 PM",,OUTGOING
Rafael Andrade de Oliveira,Melissa Azevedo,"6/22/17, 6:42 AM",,OUTGOING
Rafael Andrade de Oliveira,Bruna Descovi,"8/18/17, 7:08 AM",,OUTGOING
Rafael Andrade de Oliveira,Andrei Rodrigues,"6/22/17, 6:42 AM",,OUTGOING
Rafael Andrade de Oliveira,Daniel Wilkens,"8/15/17, 6:16 AM",,OUTGOING
Rafael Andrade de Oliveira,Graziela Brolese,"8/23/17, 3:04 PM",,OUTGOING
Rafael Andrade de Oliveira,Pablo Gonzalez Campozani,"8/2/17, 2:59 PM",,OUTGOING
Rafael Andrade de Oliveira,Matheus Stein Fontana,"8/18/17, 5:11 PM",,OUTGOING
Rafael Andrade de Oliveira,Felipe Lauffer,"8/21/17, 5:47 AM",,OUTGOING
Rafael Andrade de Oliveira,SOFTSUL Agente SOFTEX,"8/15/17, 6:16 AM",,OUTGOING
Rafael Andrade de Oliveira,Roberto Galvão,"8/19/17, 8:51 AM",,OUTGOING
Rafael Andrade de Oliveira,Vanessa Cândido,"8/19/17, 8:50 AM",,OUTGOING
Rafael Andrade de Oliveira,Luciana Draghetti,"8/19/17, 8:48 AM",,OUTGOING
Rafael Andrade de Oliveira,Kelly Stroschein Soares Weber,"7/31/17, 6:25 AM",,OUTGOING
Rafael Andrade de Oliveira,Deise Vianna,"8/18/17, 5:09 PM",,OUTGOING
Rafael Andrade de Oliveira,Tiago Paixão,"8/18/17, 5:08 PM",,OUTGOING
Rafael Andrade de Oliveira,Rafael Bellotti,"7/31/17, 6:38 AM",,OUTGOING
Rafael Andrade de Oliveira,Aline Larruscaim,"8/15/17, 5:31 PM",,OUTGOING
Rafael Andrade de Oliveira,Marcos Saraiva,"6/22/17, 6:42 AM",,OUTGOING
Rafael Andrade de Oliveira,André Streppel,"8/14/17, 7:37 PM",,OUTGOING
Rafael Andrade de Oliveira,Arlete Zanini,"8/7/17, 1:28 PM",,OUTGOING
Rafael Andrade de Oliveira,Leandro Costa,"8/15/17, 6:15 AM",,OUTGOING
Rafael Andrade de Oliveira,Moacir Zardo Junior,"8/15/17, 6:15 AM",,OUTGOING
Rafael Andrade de Oliveira,Patricia Provin,"8/15/17, 6:15 AM",,OUTGOING
Rafael Andrade de Oliveira,Leonardo Mendes,"8/14/17, 7:44 PM",,OUTGOING
Rafael Andrade de Oliveira,Maria Eduarda Carvalho,"6/24/17, 6:14 PM",,OUTGOING
Rafael Andrade de Oliveira,Marcel Guinther,"8/10/17, 8:58 PM",,OUTGOING
Rafael Andrade de Oliveira,Hyan Mandian,"8/10/17, 1:40 PM",,OUTGOING
Rafael Andrade de Oliveira,Pedro Gazzana,"7/31/17, 6:04 PM",,OUTGOING
Rafael Andrade de Oliveira,Jarden Silveira Caldas,"8/3/17, 5:09 PM",,OUTGOING
Rafael Andrade de Oliveira,Matheus Boschetti,"7/26/17, 12:26 PM",,OUTGOING
Rafael Andrade de Oliveira,Janaina Thaddeu Calil de Fre,"6/24/17, 6:14 PM",,OUTGOING
Rafael Andrade de Oliveira,Eduardo Vasques Dias,"7/31/17, 6:06 PM",,OUTGOING
Rafael Andrade de Oliveira,Junior Rocha,"8/7/17, 5:20 PM",,OUTGOING
Rafael Andrade de Oliveira,Carolina Rosental,"7/31/17, 6:04 PM",,OUTGOING
Rafael Andrade de Oliveira,Lucas de Oliveira Gonçalves,"7/31/17, 6:26 AM",,OUTGOING
Rafael Andrade de Oliveira,Estevan Ramalho,"7/31/17, 6:04 PM",,OUTGOING
Rafael Andrade de Oliveira,Mike Rottinghaus,"7/31/17, 5:54 PM",,OUTGOING
Rafael Andrade de Oliveira,Patrícia Araújo Gonçalves,"7/31/17, 6:32 AM",,OUTGOING
Rafael Andrade de Oliveira,Jarden Silveira Caldas,"8/3/17, 5:09 PM",,OUTGOING
Rafael Andrade de Oliveira,Robson Ribas,"7/31/17, 6:42 AM",,OUTGOING
Rafael Andrade de Oliveira,Caroline Castro,"8/3/17, 3:26 PM",,OUTGOING
Rafael Andrade de Oliveira,Bruno Alexandre O. Niffa,"7/20/17, 4:46 PM",,OUTGOING
Rafael Andrade de Oliveira,Róli Ferreira,"7/31/17, 6:31 AM",,OUTGOING
Rafael Andrade de Oliveira,André Chagas Dias,"8/2/17, 3:02 PM",,OUTGOING
Rafael Andrade de Oliveira,Renato Antunes Bohusch,"7/31/17, 6:40 AM",,OUTGOING
Rafael Andrade de Oliveira,Natan Deitch,"8/2/17, 3:00 PM",,OUTGOING
Rafael Andrade de Oliveira,Wilson Gavião Neto,"8/2/17, 2:50 PM",,OUTGOING
Rafael Andrade de Oliveira,Humberto Mogetti,"7/31/17, 5:56 PM",,OUTGOING
Rafael Andrade de Oliveira,Leonardo Alencar,"7/31/17, 7:20 PM",,OUTGOING
Rafael Andrade de Oliveira,Luiza Pimenta,"7/26/17, 12:25 PM",,OUTGOING
Rafael Andrade de Oliveira,Guilherme Cherubini,"7/31/17, 6:03 PM",,OUTGOING
Rafael Andrade de Oliveira,Pedro Carpenedo Borges,"7/31/17, 6:04 PM",,OUTGOING
Rafael Andrade de Oliveira,Anibal de Deus,"7/31/17, 6:38 AM",,OUTGOING
Rafael Andrade de Oliveira,João Paulo Schwarz Schuler,"7/31/17, 7:23 PM",,OUTGOING
Rafael Andrade de Oliveira,Antônio Marcos da Luz,"7/31/17, 6:06 PM",,OUTGOING
Rafael Andrade de Oliveira,Clayton Anderson da Rosa Baptista Júnior,"7/31/17, 5:57 PM",,OUTGOING
Rafael Andrade de Oliveira,Eduardo Pletsch Manini,"7/31/17, 6:04 PM",,OUTGOING
Rafael Andrade de Oliveira,Gilson Chiapinotto,"7/31/17, 6:02 PM",,OUTGOING
Rafael Andrade de Oliveira,Anamaria Oyarzabal,"7/31/17, 6:00 PM",,OUTGOING
Rafael Andrade de Oliveira,Luiza Albrecht,"7/31/17, 6:00 PM",,OUTGOING
Rafael Andrade de Oliveira,Rodrigo Schmitt,"7/31/17, 5:58 PM",,OUTGOING
Rafael Andrade de Oliveira,Vanessa Bellaver,"7/31/17, 5:58 PM",,OUTGOING
Rafael Andrade de Oliveira,Adriana Weschenfelder,"7/31/17, 5:57 PM",,OUTGOING
Rafael Andrade de Oliveira,Leonardo Pereira Santos,"7/31/17, 5:55 PM",,OUTGOING
Rafael Andrade de Oliveira,Rafael Tochetto,"7/31/17, 5:54 PM",,OUTGOING
Rafael Andrade de Oliveira,Fábio Tripovichy,"7/31/17, 6:29 AM",,OUTGOING
Rafael Andrade de Oliveira,Michelle Adornes,"7/31/17, 6:26 AM",,OUTGOING
Rafael Andrade de Oliveira,Humberto Corbellini,"7/31/17, 6:27 AM",,OUTGOING
Rafael Andrade de Oliveira,Lourenco P Soares,"7/31/17, 6:26 AM",,OUTGOING
Rafael Andrade de Oliveira,jose cesar martins,"7/31/17, 6:42 AM",,OUTGOING
Rafael Andrade de Oliveira,Andrea Pelagagi,"7/31/17, 6:43 AM",,OUTGOING
Rafael Andrade de Oliveira,Manoela Sudbrack,"7/31/17, 6:43 AM",,OUTGOING
Rafael Andrade de Oliveira,Marina Souza S. Teixeira,"7/31/17, 6:43 AM",,OUTGOING
Rafael Andrade de Oliveira,Magnus Higashiyama,"7/31/17, 6:42 AM",,OUTGOING
Rafael Andrade de Oliveira,Juliana Antoniolli,"7/31/17, 6:41 AM",,OUTGOING
Rafael Andrade de Oliveira,Emílio Carlos Scudero,"7/31/17, 6:30 AM",,OUTGOING
Rafael Andrade de Oliveira,Anderson Escerda Pereira,"7/31/17, 6:29 AM",,OUTGOING
Rafael Andrade de Oliveira,Fabio Patricio,"7/31/17, 6:28 AM",,OUTGOING
Rafael Andrade de Oliveira,Leandro Prass,"7/31/17, 6:25 AM",,OUTGOING
Rafael Andrade de Oliveira,Giuliano Vieceli,"7/31/17, 6:25 AM",,OUTGOING
Rafael Andrade de Oliveira,Carina Kern,"7/31/17, 6:25 AM",,OUTGOING
Rafael Andrade de Oliveira,Maíra Oliveira,"7/25/17, 1:45 PM",,OUTGOING
Rafael Andrade de Oliveira,Alexandre Costa,"6/22/17, 6:42 AM",,OUTGOING
