Company Name,Title,Description,Location,Started On,Finished On
Aquiris Game Studio,Game Backend Programmer,,,Oct 2017,
Tie,Proprietário,,,2011,
Ilegra,Especialista de software,,,Nov 2014,Sep 2017
S.R.M. Asset,Analista de sistemas,,,May 2012,Nov 2014
Acxiom Brasil / GoDigital,Desenvolvedor de software,,,May 2008,Apr 2012
PROCERGS / LNX Open,Desenvolvedor de software,,,Jun 2006,May 2008
CWI Software / TNT (Mercúrio),Desenvolvedor de software,,,Jan 2006,May 2006
PROCERGS / LNX Open,Desenvolvedor de software,,,Sep 2005,Jan 2006
Acxiom Brasil / GoDigital,Desenvolvedor de software,,,Dec 2004,Sep 2005
Order By,Desenvolvedor de software,,,Oct 2003,Dec 2004
FTM Sistemas,Desenvolvedor de software,,,Apr 2003,Dec 2003
