First Name,Last Name,Maiden Name,Address,Birth Date,Contact Instructions,Marital Status,Headline,Summary,Industry,Country,Zip Code,Geo Location,Twitter Handles,Websites,Instant Messengers
Rafael,Andrade de Oliveira,,,Feb 14,,,Especialista em TI,"Especialista em TI com quase 15 anos de carreira desenvolvendo soluções para a web, vivenciando métodos ágeis, cultura DevOps, computação em nuvem e infra-estrutura, atuando em projetos de grande porte.

Profissional autodidata, pós-graduado e certificado, envolvendo-se nos últimos anos com arquitetura e design de software, micro-serviços e paradigma funcional usando a linguagem Scala.

Arquiteto à moda antiga, desprendido do mundo perfeito, stacks e annotationmania. Vivenciou Java EE na veia, XMLs, Ant, MVC 1.0, Struts, AJAX, RMI, EJB, injeção de dependência, a chegada do Java 5, JBuilder, Eclipse Callisto/Europa, os primeiros frameworks, Hudson, além de outras tantas histórias pra contar, como por exemplo ter trabalhado com linguagens como Cold Fusion, ASP e ActionScript.

Carreira marcada pelo reconhecimento na contribuição em produtos inovadores e de grande porte. Experiência em negócios distintos como carteira digital, instituições financeiras, fundos de investimento, fomento mercantil, factoring, trade, assinatura digital, portal de gestão fiscal, simulador de cotações, geomarketing, marketing de precisão, mineração de dados, qualidade de dados, telecomunicações, área da saúde, redes sociais, webmail corporativo, logística, varejo, estatais, fonoaudiologia, fonoaudiologia forense, repartições públicas, automação comercial, etc.",Tecnologia da informação e serviços,Brazil,90010,"Porto Alegre, Rio Grande do Sul, Brazil",,,
