Title,Description,Url,Start Date,End Date
Supply Tax Solution,,http://supplytaxsolution.com/,Nov 2014,Jan 2017
Agipag,,http://www.agipag.com.br,Feb 2017,
Claridata,,,Apr 2008,Mar 2012
Portal Detran-RS,,http://www.detran.rs.gov.br/,Aug 2005,Jan 2006
Direto,,,May 2006,Apr 2008
LMS (Logistics Management System),,,Jan 2006,Apr 2006
NetFactor,,,Sep 2003,Dec 2004
Aquário,,http://ftmsistemas.com.br/aquario.php,Mar 2003,Dec 2003
Muude,,http://muude.com,Nov 2012,Mar 2013
VMS (Vale Mais Saúde),,https://www.valemaissaude.com.br/,Apr 2013,
Via-RS Webmail,,http://www.via-rs.net/,2007,
SES-SP BI,,,2012,
GoQuality,,,2004,2005
Mapa da Saúde,,http://mapadasaude.saude.gov.br,2012,
Agiplan Internet Banking,,,Feb 2017,Mar 2017
